{
	"version": 1,
	"settings": {
		"color": {
			"link": true,
			"palette": [
				{
					"slug": "black",
					"color": "#000000",
					"name": "Black"
				},
				{
					"slug": "white",
					"color": "#FFFFFF",
					"name": "White"
				}
			],
			"gradients": [
				{
					"slug": "black-to-white",
					"gradient": "linear-gradient(160deg, var(--wp--preset--color--black), var(--wp--preset--color--white))",
					"name": "Black to White"
				},
				{
					"slug": "white-to-black",
					"gradient": "linear-gradient(160deg, var(--wp--preset--color--white), var(--wp--preset--color--black))",
					"name": "White to Black"
				}
			]
		},
		"layout": {
			"contentSize": "610px",
			"wideSize": "1240px"
		},
		"typography": {
			"customLineHeight": true,
			"fontSizes": [
				{
					"slug": "small",
					"size": "18px",
					"name": "Small"
				},
				{
					"slug": "normal",
					"size": "20px",
					"name": "Normal"
				},
				{
					"slug": "large",
					"size": "24px",
					"name": "Large"
				}
			],
			"fontFamilies": [
				{
					"fontFamily": "-apple-system,BlinkMacSystemFont,\"Segoe UI\",Roboto,Oxygen-Sans,Ubuntu,Cantarell,\"Helvetica Neue\",sans-serif",
					"slug": "system-font",
					"name": "System Font"
				},
				{
					"fontFamily": "Helvetica Neue, Helvetica, Arial, sans-serif",
					"slug": "helvetica-arial"
				},
				{
					"fontFamily": "Geneva, Tahoma, Verdana, sans-serif",
					"slug": "geneva-verdana"
				}
			]
		},
		"spacing": {
			"customPadding": true,
			"units": [
				"px",
				"em",
				"rem",
				"vh",
				"vw"
			]
		},
		"border": {
			"customColor": true,
			"customRadius": true,
			"customStyle": true,
			"customWidth": true
		},
		"custom": {
			"font-primary": "-apple-system, BlinkMacSystemFont, 'Segoe UI', Roboto, Oxygen-Sans, Ubuntu, Cantarell, 'Helvetica Neue', sans-serif",
			"line-height": {
				"body": 1.7,
				"heading": 1.3,
				"page-title": 1.1
			},
			"spacing": {
				"unit": "20px",
				"horizontal": "25px",
				"vertical": "30px"
			},
			"font-weight":{
				"light": "300",
				"normal": "normal"
			},
			"site": {
				"maxWidth": "800px"
			}
		}
	},
	"styles": {
		"color": {
			"background": "var(--wp--preset--color--white)",
			"text": "var(--wp--preset--color--black)"
		},
		"typography": {
			"fontSize": "var(--wp--preset--font-size--normal)",
			"lineHeight": "var(--wp--custom--line-height--body)"
		},
		"elements": {
			"link": {
				"color": {
					"text": "var(--wp--preset--color--black)"
				}
			},
			"h1": {
				"typography": {
					"fontSize": "var(--wp--preset--font-size--large)",
					"lineHeight": "var(--wp--custom--line-height--page-title)",
					"fontWeight": "var(--wp--custom--font-weight--normal)"
				}
			},
			"h2": {
				"typography": {
					"fontSize": "calc(0.85 * var(--wp--preset--font-size--large))",
					"lineHeight": "var(--wp--custom--line-height--heading)",
					"fontWeight": "var(--wp--custom--font-weight--normal)"
				}
			},
			"h3": {
				"typography": {
					"fontSize": "calc(0.80 * var(--wp--preset--font-size--large))",
					"lineHeight": "var(--wp--custom--line-height--heading)",
					"fontWeight": "var(--wp--custom--font-weight--normal)"
				}
			},
			"h4": {
				"typography": {
					"fontSize": "calc(0.75 * var(--wp--preset--font-size--large))",
					"lineHeight": "var(--wp--custom--line-height--heading)"
				}
			},
			"h5": {
				"typography": {
					"fontSize": "calc(0.70 * var(--wp--preset--font-size--large))",
					"lineHeight": "var(--wp--custom--line-height--heading)"
				}
			},
			"h6": {
				"typography": {
					"fontSize": "calc(0.65 * var(--wp--preset--font-size--large))",
					"lineHeight": "var(--wp--custom--line-height--heading)"
				}
			}
		}
	},
	"customTemplates": [
		{
			"name": "no-title",
			"title": "Page without title"
		}
	],
	"templateParts": [
		{
			"name": "header",
			"area": "header"
		},
		{
			"name": "footer",
			"area": "footer"
		}
	]
}